"x","y","polygon_id","name","is_complete"
17.287645598404,85.60265989877,1,"polygon_6",TRUE
14.2875313574947,144.604906636654,1,"polygon_6",TRUE
101.290844343866,140.604754315441,1,"polygon_6",TRUE
104.290958584775,79.6024314169513,1,"polygon_6",TRUE
56.2891307302256,144.604906636654,3,"polygon_6",TRUE
17.287645598404,187.606544089688,3,"polygon_6",TRUE
63.2893972923474,231.608219623025,3,"polygon_6",TRUE
99.2907681832596,186.606506009385,3,"polygon_6",TRUE
