"x","y","polygon_id","name"
18.6000061035156,81.8624977111816,1,"polygon_6"
104.600006103516,78.8624977111816,1,"polygon_6"
104.600006103516,139.862497711182,1,"polygon_6"
17.6000061035156,143.862497711182,1,"polygon_6"
