"x","y","polygon_id","name","is_complete"
111.291225146897,141.604792395744,1,"polygon_6",TRUE
84.2901969787128,209.607381856356,1,"polygon_6",TRUE
327.29945049237,253.609057389694,1,"polygon_6",TRUE
190.294233490843,289.610428280606,3,"polygon_6",TRUE
127.291834431747,378.613817427583,3,"polygon_6",TRUE
317.299069689339,372.613588945764,3,"polygon_6",TRUE
