x,y,polygon_id,image_id,class_selected,class_AI
217.65816541677964,201.08314821727382,1,2,Berlin,Tel Aviv
217.65816541677964,201.08314821727382,1,2,Berlin,Tel Aviv
217.65816541677964,201.08314821727382,1,2,Berlin,Tel Aviv
151.85153752484135,332.73312644975096,1,2,Berlin,Tel Aviv
151.85153752484135,332.73312644975096,1,2,Berlin,Tel Aviv
151.85153752484135,332.73312644975096,1,2,Berlin,Tel Aviv
278.5902282796855,358.3317333282882,1,2,Berlin,Tel Aviv
278.5902282796855,358.3317333282882,1,2,Berlin,Tel Aviv
278.5902282796855,358.3317333282882,1,2,Berlin,Tel Aviv
