x,y,polygon_id,image_id,class_selected,class_AI
233.50050176113518,127.94427142145321,1,1,Jerusalem,Jerusalem
233.50050176113518,127.94427142145321,1,1,Jerusalem,Jerusalem
67.76529077403124,232.77666149546275,1,1,Jerusalem,Jerusalem
67.76529077403124,232.77666149546275,1,1,Jerusalem,Jerusalem
320.0240310264615,283.9738752525372,1,1,Jerusalem,Jerusalem
320.0240310264615,283.9738752525372,1,1,Jerusalem,Jerusalem
