x,y,polygon_id,image_id,class_selected,class_AI
110.41773477806535,92.5938096534286,1,2,Hamburg,Tel Aviv
110.41773477806535,92.5938096534286,1,2,Hamburg,Tel Aviv
110.41773477806535,92.5938096534286,1,2,Hamburg,Tel Aviv
160.38202632564816,240.09054452500027,1,2,Hamburg,Tel Aviv
160.38202632564816,240.09054452500027,1,2,Hamburg,Tel Aviv
160.38202632564816,240.09054452500027,1,2,Hamburg,Tel Aviv
282.2461520514599,186.45536820806512,1,2,Hamburg,Tel Aviv
282.2461520514599,186.45536820806512,1,2,Hamburg,Tel Aviv
282.2461520514599,186.45536820806512,1,2,Hamburg,Tel Aviv
