x,y,polygon_id,image_id,class_selected,class_AI
139.66512495226016,53.586413345702226,1,1,Berlin,Berlin
139.66512495226016,53.586413345702226,1,1,Berlin,Berlin
-4.134543404197657,221.80582997608965,1,1,Berlin,Berlin
-4.134543404197657,221.80582997608965,1,1,Berlin,Berlin
204.25311158694038,230.33869893560205,1,1,Berlin,Berlin
204.25311158694038,230.33869893560205,1,1,Berlin,Berlin
