x,y,polygon_id,image_id,class_selected,class_AI
188.41077524258486,99.90770198305529,1,1,Jerusalem,Tel Aviv
188.41077524258486,99.90770198305529,1,1,Jerusalem,Tel Aviv
92.13811591919361,262.032212213791,1,1,Jerusalem,Tel Aviv
92.13811591919361,262.032212213791,1,1,Jerusalem,Tel Aviv
259.09196816355563,309.5724821310744,1,1,Jerusalem,Tel Aviv
259.09196816355563,309.5724821310744,1,1,Jerusalem,Tel Aviv
