"x","y","polygon_id","name"
141.751853479261,0.683432666801082,1,"polygon 2"
2.23961382857379,445.793911552326,1,"polygon 2"
297.872693088363,447.454771548167,1,"polygon 2"
