"x","y","polygon_id","name"
137.32289349035,68.7787099194178,1,"polygon 1"
62.0305736788682,296.316529349705,1,"polygon 1"
214.829693296287,300.468679339309,1,"polygon 1"
