"x","y","polygon_id","name"
0.578753832732275,446.624349469844,1,"polygon 3"
150.056153458468,62.9656904304554,1,"polygon 3"
296.211833092521,446.624349469844,1,"polygon 3"
