"x","y","polygon_id","name"
227.255896098017,1.08903974823301,1,"polygon 1"
2.7963055000661,441.484439022694,1,"polygon 1"
443.191704774527,442.905069342934,1,"polygon 1"
