"x","y","polygon_id","name"
145.073573470944,297.103786940484,1,"polygon 1"
0.578753832732275,1.47072035205095,1,"polygon 1"
296.765453091135,0.917100353437135,1,"polygon 1"
