"x","y","polygon_id","name"
2.23961382857379,2.02434457445021,1,"polygon 1"
145.073573470944,152.055359975015,1,"polygon 1"
295.658213093907,2.02434457445021,1,"polygon 1"
