"x","y","polygon_id","name"
147.288053465399,151.449814051096,1,"polygon 2"
1.68599382995995,446.529283871734,1,"polygon 2"
296.765453091135,447.082903870348,1,"polygon 2"
