"x","y","polygon_id","name"
154.485113447379,0.683436626599928,1,"polygon 3"
0.0251338341184422,446.624343134166,1,"polygon 3"
295.658213093907,444.963483138325,1,"polygon 3"
