"x","y","polygon_id","name"
95.2477735956984,226.240429229805,1,"polygon 1"
65.3522936705512,118.284529500107,1,"polygon 1"
162.789413426587,132.125029465453,1,"polygon 1"
