"x","y","polygon_id","name"
98.0158735887676,228.454917275851,1,"polygon 1"
60.3697136830267,146.519157481004,1,"polygon 1"
227.562953264405,93.9252576126892,1,"polygon 1"
