"x","y","polygon_id","name"
1.78217674970349,296.474495848161,1,"polygon 1"
155.676996836694,4.73863187030452,1,"polygon 1"
295.178776196125,297.028074337683,1,"polygon 1"
