"x","y","polygon_id","name"
440.456071924392,2.82009496525245,1,"polygon 1"
3.44999911443297,888.973413649475,1,"polygon 1"
894.462380976385,892.973469235836,1,"polygon 1"
