"x","y","polygon_id","name"
323.100006103516,197.063779083609,1,"polygon_uebung"
379.100006103516,257.088841740251,1,"polygon_uebung"
305.100006103516,276.096778248187,1,"polygon_uebung"
