x,y,polygon_id,name
431.8250122,355.4625061,1,polygon 1
279.8250122,553.4625061,1,polygon 1
666.8250122,501.4625061,1,polygon 1
