x,y,polygon_id,name
425.8250122,3.462506104,1,polygon 1
1.825012207,893.4625061,1,polygon 1
892.8250122,895.4625061,1,polygon 1
