"x","y","polygon_id","name"
209.825012207031,287.462506103516,1,"polygon 3"
331.825012207031,314.462506103516,1,"polygon 3"
321.825012207031,198.462506103516,1,"polygon 3"
