"x","y","polygon_id","name"
131.825012207031,152.46250038147,1,"polygon 1"
68.8250122070312,363.46250038147,1,"polygon 1"
215.825012207031,359.46250038147,1,"polygon 1"
