"x","y","polygon_id","name"
229.825012207031,195.462506103516,1,"polygon 3"
112.825012207031,288.462506103516,1,"polygon 3"
337.825012207031,323.462506103516,1,"polygon 3"
