"x","y","polygon_id","name"
106.6171875,158.359375,1,"polygon 1"
172.6171875,189.359375,1,"polygon 1"
177.6171875,107.359375,1,"polygon 1"
