"x","y","polygon_id","name"
225.825012207031,165.462506103516,1,"polygon 1"
330.825012207031,281.462506103516,1,"polygon 1"
178.825012207031,333.462506103516,1,"polygon 1"
