"x","y","polygon_id","name"
424.825012207031,225.462506103516,1,"polygon 4"
122.825012207031,291.462506103516,1,"polygon 4"
280.825012207031,333.462506103516,1,"polygon 4"
