"x","y","polygon_id","name"
237.825012207031,299.462506103516,1,"polygon 4"
95.8250122070312,106.462506103516,1,"polygon 4"
304.825012207031,182.462506103516,1,"polygon 4"
