"x","y","polygon_id","name"
317.825012207031,207.462506103516,1,"polygon 2"
208.825012207031,302.462506103516,1,"polygon 2"
333.825012207031,331.462506103516,1,"polygon 2"
