"x","y","polygon_id","name"
250.825012207031,244.462506103516,1,"polygon 2"
139.825012207031,315.462506103516,1,"polygon 2"
381.825012207031,367.462506103516,1,"polygon 2"
