"x","y","polygon_id","name"
361.825012207031,95.4625003814697,1,"polygon 1"
213.825012207031,194.46250038147,1,"polygon 1"
313.825012207031,301.46250038147,1,"polygon 1"
