"x","y","polygon_id","name"
118.825012207031,286.462506103516,1,"polygon 3"
126.825012207031,367.462506103516,1,"polygon 3"
411.825012207031,341.462506103516,1,"polygon 3"
