"x","y","polygon_id","name"
181.825012207031,200.462506103516,1,"polygon 4"
61.8250122070312,291.462506103516,1,"polygon 4"
253.825012207031,312.462506103516,1,"polygon 4"
