"x","y","polygon_id","name"
187.825012207031,108.462506103516,1,"polygon 1"
94.8250122070312,304.462506103516,1,"polygon 1"
330.825012207031,299.462506103516,1,"polygon 1"
