"x","y","polygon_id","name"
103.6171875,45.359375,1,"polygon 2"
294.6171875,132.359375,1,"polygon 2"
94.6171875,214.359375,1,"polygon 2"
