"x","y","polygon_id","name"
251.825012207031,118.462506103516,1,"polygon 1"
163.825012207031,208.462506103516,1,"polygon 1"
349.825012207031,247.462506103516,1,"polygon 1"
