"x","y","polygon_id","name","is_complete"
113.825012207031,159.462506103516,1,"polygon_6",TRUE
49.8250122070312,287.462506103516,1,"polygon_6",TRUE
230.825012207031,282.462506103516,1,"polygon_6",TRUE
245.825012207031,251.462506103516,3,"polygon_6",FALSE
181.825012207031,367.462506103516,3,"polygon_6",FALSE
357.825012207031,365.462506103516,3,"polygon_6",FALSE
