"x","y","polygon_id","name"
18.2767321534339,85.571422742338,1,"polygon_6"
97.2767267719864,81.5714230148163,1,"polygon_6"
101.276726499508,141.571418927641,1,"polygon_6"
15.2767323577927,141.571418927641,1,"polygon_6"
