"x","y","polygon_id","name"
59.078125,143.859375,1,"polygon_6"
21.078125,186.859375,1,"polygon_6"
57.078125,235.859375,1,"polygon_6"
96.078125,186.859375,1,"polygon_6"
