"x","y","polygon_id","name"
203.271809753685,319.262493896484,1,"polygon_uebung"
164.251901360768,374.262493896484,1,"polygon_uebung"
334.338681535023,359.262493896484,1,"polygon_uebung"
