"x","y","polygon_id","name"
199.269767867232,164.262493896484,1,"polygon_uebung"
113.225867308491,341.262493896484,1,"polygon_uebung"
333.33817106341,344.262493896484,1,"polygon_uebung"
