"x","y","polygon_id","name"
157.248328059475,236.262493896484,1,"polygon_uebung"
157.248328059475,358.262493896484,1,"polygon_uebung"
365.354506155034,370.262493896484,1,"polygon_uebung"
