"x","y","polygon_id","name"
237.289165788536,188.262493896484,1,"polygon_uebung"
163.251390889155,321.262493896484,1,"polygon_uebung"
336.339702478249,332.262493896484,1,"polygon_uebung"
