"x","y","polygon_id","name"
383.071386726944,100.891853092282,1,"polygon_uebung"
436.07138335026,159.909450504008,1,"polygon_uebung"
391.071386217256,329.960154910677,1,"polygon_uebung"
303.071391823825,366.971190575658,1,"polygon_uebung"
153.071401380478,255.938083580715,1,"polygon_uebung"
216.071397366684,203.922573997499,1,"polygon_uebung"
243.071395646486,248.935995752205,1,"polygon_uebung"
235.071396156174,198.921082691421,1,"polygon_uebung"
