"x","y","polygon_id","name"
232.299987792969,217.466804249231,1,"polygon_uebung"
149.299987792969,372.661202242542,1,"polygon_uebung"
279.299987792969,349.632356088696,1,"polygon_uebung"
