"x","y","polygon_id","name"
228.284571544017,129.262524414062,1,"polygon_uebung"
101.219741649132,328.262524414062,1,"polygon_uebung"
310.326430216304,355.262524414063,1,"polygon_uebung"
