"x","y","polygon_id","name"
210.275383054978,145.262493896484,1,"polygon_uebung"
144.241691928503,360.262493896484,1,"polygon_uebung"
329.336129176956,356.262493896484,1,"polygon_uebung"
