"x","y","polygon_id","name","is_complete"
445.303943968138,79.6024314169513,1,"polygon 3",TRUE
3.2871124741604,442.616254566983,1,"polygon 3",TRUE
30.2881406423445,44.6010986063422,1,"polygon 3",TRUE
203.294728534784,332.61206573364,2,"polygon 3",TRUE
162.293167242356,405.614845595767,2,"polygon 3",TRUE
356.300554821161,372.613588945764,2,"polygon 3",TRUE
