"x","y","polygon_id","name"
142.292405636294,235.608371944237,1,"polygon 3"
307.298688886308,359.613093901824,1,"polygon 3"
321.299222010551,257.609209710906,1,"polygon 3"
