"x","y","polygon_id","name"
168.293395724175,207.60730569575,1,"polygon 2"
99.2907681832596,340.612370376065,1,"polygon 2"
358.300630981767,351.612789259399,1,"polygon 2"
