"x","y","polygon_id","name"
96.2906539423502,196.606886812416,1,"polygon 1"
136.292177154475,327.611875332124,1,"polygon 1"
291.298079601458,331.612027653337,1,"polygon 1"
