"x","y","polygon_id","name","is_complete"
221.29541398024,3.59953731391442,1,"polygon 2",FALSE
2.28707439385729,444.616330727589,1,"polygon 2",FALSE
441.303791646925,443.616292647286,1,"polygon 2",FALSE
