"x","y","polygon_id","name"
214.295147418118,181.606315607869,1,"polygon 4"
6.28722671506975,325.611799171518,1,"polygon 4"
285.297851119639,348.61267501849,1,"polygon 4"
