"x","y","polygon_id","name"
115.699996948242,334.876384824415,1,"polygon_uebung"
357.699996948242,297.82998014214,1,"polygon_uebung"
299.699996948242,97.579144021739,1,"polygon_uebung"
