"x","y","polygon_id","name"
174.505981679442,171.249180280016,1,"polygon_uebung"
136.505303782106,313.266640015979,1,"polygon_uebung"
341.508960859839,307.265902280656,1,"polygon_uebung"
