"x","y","polygon_id","name","is_complete"
129.687160459994,142.37849097703,1,"polygon_uebung",TRUE
58.6858092328238,316.38768121937,1,"polygon_uebung",TRUE
204.688587812638,364.920856729139,1,"polygon_uebung",TRUE
355.691461549295,265.487033733516,1,"polygon_uebung",TRUE
255.689558412436,360.185912776966,2,"polygon_uebung",TRUE
263.689710663385,439.496223975856,2,"polygon_uebung",TRUE
367.691689925718,388.595576490001,2,"polygon_uebung",TRUE
