"x","y","polygon_id","name"
197.825012207031,115.462506103516,1,"polygon 1"
81.8250122070312,265.462506103516,1,"polygon 1"
353.825012207031,271.462506103516,1,"polygon 1"
