"x","y","polygon_id","name"
201.825012207031,87.4625061035156,1,"polygon 1"
61.8250122070312,256.462506103516,1,"polygon 1"
267.825012207031,255.462506103516,1,"polygon 1"
