"x","y","polygon_id","name"
229.825012207031,171.462506103516,1,"polygon 2"
141.825012207031,307.462506103516,1,"polygon 2"
312.825012207031,312.462506103516,1,"polygon 2"
