"x","y","polygon_id","name"
136.292177154475,230.608181542722,1,"polygon_6"
89.2903873802284,337.612256135155,1,"polygon_6"
331.299602813583,347.612636938186,1,"polygon_6"
