Group,IoU
Control,0.24786418473639457
Treatment,0.16875747369260202
